pov_flag,poverty,dist,log_pop,alloc_u,alloc_j
0,0.17308678494144075,0.5,1.759075415240277,1,1
0,0.1682923312638332,0.5,1.4063452172203277,0,0
0,0.21837173645764543,0.5,1.3122102456260192,0,0
0,0.15682911535937688,0.5,1.3137080985718972,0,0
0,0.0843359877671101,0.5,0.8100328669947868,0,0
0,0.1293584439832788,0.5,1.6256989330381095,1,1
0,0.10938481493323542,0.5,2.086259507568622,1,1
0,0.1833764102343962,0.5,0.9301007255146173,0,0
0,0.1855461294854933,0.5,1.0396025690310788,0,0
0,0.14996806550405975,0.5,1.3833225000826892,0,0
0,0.27261390922544687,0.5,1.4946011101048264,0,0
0,0.22112724560515945,0.5,1.011662540011591,0,0
0,0.08201649380601121,0.5,0.9687255804406277,0,0
0,0.21692332899977051,0.5,1.568547312475988,1,1
0,0.16494481522053556,0.5,0.908591203853029,0,0
0,0.15696806145201062,0.5,1.9228488904875662,1,1
0,0.0918479922318633,0.5,1.629633587757918,1,1
0,0.14615389998470205,0.5,1.744670515536347,1,1
0,0.22656400595580992,0.5,1.1643129907109446,0,0
0,0.1965631715701782,0.5,1.8902180508489437,1,1
0,0.17071705116680913,0.5,1.0574660103975888,0,0
0,0.22062629111970988,0.5,2.0424960114283293,1,1
0,0.2301766448946012,0.5,1.6446544100190537,1,1
0,0.1980697802754207,0.5,2.1152146265863876,1,1
0,0.2582321827907003,0.5,0.45210195836410216,0,0
0,0.18435235341190856,0.5,1.380397059813653,0,0
0,0.08062155426995535,0.5,1.4121312448649952,0,0
0,0.2538947022370758,0.5,1.292691912690541,0,0
0,0.15491214782077317,0.5,1.8661608470808297,1,1
0,0.15351198981164804,0.5,1.7053069732453425,1,1
0,0.22843224952664445,0.5,1.219178762449059,0,0
0,0.1603945923433921,0.5,0.9145940207471526,0,0
0,0.19305276360899445,0.5,1.5020453826569844,1,1
0,0.10923146289747927,0.5,1.3317418708938564,0,0
0,0.13988613653891904,0.5,1.4354857153335963,0,0
0,0.2743092950605265,0.5,1.5698311251327355,1,1
0,0.17627770421169164,0.5,0.7324915138803834,0,0
0,0.1830115104970513,0.5,2.4852968449941146,1,1
0,0.1950773671166806,0.5,1.4861152921179026,0,0
0,0.23714114072575102,0.5,1.8007732130747096,1,1
0,0.13453062726026305,0.5,2.06111772437444,1,1
0,0.2093428546900135,0.5,2.3761822503239913,1,1
0,0.1516851135198614,0.5,1.5398605460350565,1,1
0,0.10246682844669336,0.5,1.527425189922411,1,1
0,0.20367962153175906,0.5,1.1322303063064787,0,0
0,0.14083733538318813,0.5,1.3711753935177298,0,0
0,0.11845678417830223,0.5,1.5909839738416518,1,1
0,0.0996258382719386,0.5,1.5738535434129217,1,1
0,0.2190911435888655,0.5,1.0052197156487672,0,0
0,0.2060970782808449,0.5,1.6187938692932744,1,1
0,0.19732241047484878,0.5,1.2279901113686036,0,0
0,0.19465362366493405,0.5,1.214259432789453,0,0
0,0.20369164604558937,0.5,1.0234786011189405,0,0
0,0.13126591648863392,0.5,1.814833841496981,1,1
0,0.13896588408241448,0.5,1.8853504516977289,1,1
0,0.2211030079997245,0.5,2.258717193061579,1,1
0,0.1423131917821255,0.5,1.1441942281497908,0,0
0,0.1761449145292948,0.5,1.6364607899266574,1,1
0,0.22135916245180118,0.5,1.5052007567511627,1,1
0,0.16676715833810218,0.5,2.5880676666358475,1,1
0,0.13714212217918587,0.5,1.071643000775555,0,0
0,0.16882686073370745,0.5,1.7856001976368368,1,1
0,0.17635855436715636,0.5,1.161282512772638,0,0
0,0.15767425239664895,0.5,1.842559517729389,1,1
0,0.11771306106440059,0.5,1.5692723703404727,1,1
0,0.13580712818994334,0.5,1.5614900423782112,1,1
0,0.12285148510846883,0.5,1.6431149441393134,1,1
0,0.23415256215876384,0.5,1.9215208208139611,1,1
0,0.13310874800424385,0.5,1.706014106883464,1,1
0,0.2057523843153024,0.5,3.0410925962618887,1,1
0,0.23677828200902995,0.5,1.881600705397281,1,1
0,0.16423653776798272,0.5,1.803587688197307,1,1
0,0.16815906966299954,0.5,1.3058545808683586,0,0
0,0.2957329283336754,0.5,0.7530939229633007,0,0
0,0.09936420644051741,0.5,1.3112272536842267,0,0
0,0.18321400095477314,0.5,1.0689020888282776,0,0
0,0.2139798874467338,0.5,1.2078533473131454,0,0
0,0.18227859199519067,0.5,1.239359860957673,0,0
0,0.21169595111590056,0.5,0.6899429653369571,0,0
0,0.1469106767615806,0.5,1.8409733339184897,1,1
0,0.17426317792665505,0.5,1.7019949115921829,1,1
0,0.11998517964721117,0.5,1.3661995056636207,0,0
0,0.1473335383713144,0.5,2.2061816961124388,1,1
0,0.11695580228324773,0.5,1.8671447788219104,1,1
0,0.23162326302755734,0.5,0.8922520136183946,0,0
0,0.24334555745933112,0.5,1.2169322137524876,0,0
0,0.21873170267146683,0.5,1.1292278113687668,0,0
0,0.017936632996546353,0.5,1.090244943466284,0,0
0,0.11761084090175752,0.5,2.1529645215726543,1,1
0,0.1579977756651508,0.5,1.5522962309144366,1,1
0,0.10820689244102802,0.5,1.965265500861984,1,1
0,0.13092456744760245,0.5,1.6848413897053083,1,1
0,0.14998915614206026,0.5,1.5279208339960075,1,1
0,0.18567586726256238,0.5,1.7648522698084186,1,1
0,0.11810922505865754,0.5,2.3532133498625067,1,1
0,0.17241074524822084,0.5,1.7353268825938306,1,1
0,0.1488650240089703,0.5,1.4167510998570898,0,0
0,0.1505317621527894,0.5,1.83984083880841,1,1
0,0.14535452023696727,0.5,1.8598399501733003,1,1
0,0.220643105941948,0.5,1.751851536769445,1,1
0,0.1519909479901515,0.5,1.7989174420493048,1,1
0,0.17895492030179258,0.5,1.5469309533235127,1,1
0,0.1504214305582085,0.5,1.7188389524680152,1,1
0,0.16911593983863898,0.5,1.939510740794876,1,1
0,0.22067548180003194,0.5,2.0221915228617315,1,1
0,0.2140976485647482,0.5,1.3758932973626177,0,0
0,0.17349284728161576,0.5,1.5387983859970873,1,1
0,0.13908896583832636,0.5,2.336954910274184,1,1
0,0.11929056936061339,0.5,1.9632443494000271,1,1
0,0.21120599085260774,0.5,1.751338203705712,1,1
0,0.1351372814257084,0.5,1.5303218232774904,1,1
0,0.22875598667088756,0.5,1.4411770473991445,0,0
0,0.16393070791735032,0.5,1.6651725817102498,1,1
0,0.13888898022167842,0.5,1.597474884596765,1,1
0,0.15465284123144352,0.5,1.311584677752671,0,0
0,0.10759578292513379,0.5,0.9370144902493779,0,0
0,0.16932764241440762,0.5,1.624363026239202,1,1
0,0.22288298116010097,0.5,1.4360245880146292,0,0
0,0.12987353176810956,0.5,1.492594745603044,0,0
0,0.19613592801690446,0.5,1.1691076225790709,0,0
0,0.2566369456501289,0.5,1.4564959406172568,0,0
0,0.2145071995855556,0.5,1.3395118112456654,0,0
0,0.18062962003908975,0.5,1.5390704394195327,1,1
0,0.18122550871294713,0.5,1.6991993164981798,1,1
0,0.22796354130426033,0.5,2.3612729830046226,1,1
0,0.2236160318360339,0.5,1.5733368022953407,1,1
0,0.13958508573224243,0.5,1.1641112631276895,0,0
0,0.07380521378450965,0.5,1.2896979913276956,0,0
0,0.18751968932381038,0.5,1.6367023903108637,1,1
0,0.2275211919093025,0.5,1.2692385377350388,0,0
0,0.20459595857532528,0.5,0.9719067171917432,0,0
0,0.23897200603606433,0.5,1.3123297391581181,0,0
0,0.24769361870827064,0.5,1.4541840618989528,0,0
0,0.10027861706028163,0.5,1.2602499908184908,0,0
0,0.1823490296882371,0.5,1.3199738114083026,0,0
0,0.12661897853087029,0.5,1.4430482059914826,0,0
0,0.20572194170293745,0.5,1.784645951235556,1,1
0,0.10329429146321888,0.5,2.0110707287594036,1,1
0,0.14257567317217232,0.5,2.1204607902090093,1,1
0,0.23896485920319133,0.5,1.5270073925640435,1,1
0,0.26776704212216024,0.5,1.4004143406083707,0,0
0,0.21226879747925737,0.5,2.0474526230129397,1,1
0,0.21430257299992195,0.5,1.9233697947398352,1,1
0,0.12083707436671123,0.5,0.6843071288959597,0,0
0,0.2158771127897981,0.5,2.1009428208384113,1,1
0,0.26143077727856456,0.5,0.9479594167140434,0,0
0,0.17722261505516906,0.5,1.653626179575723,1,1
0,0.07662789499800615,0.5,1.4643519841948847,0,0
0,0.21348362744150193,0.5,1.6466392984387392,1,1
0,0.1543066541331653,0.5,1.0763145912444194,0,0
0,0.2277571160250619,0.5,1.1057095814657825,0,0
0,0.15348711908137797,0.5,1.1828508670950624,0,0
0,0.1282378838790313,0.5,1.2785402778611272,0,0
0,0.27823625664581947,0.5,1.5141054207886915,1,1
0,0.5506989955367111,10.948185365738482,1.4550687801236681,0,0
0,0.5707083350021713,13.580214011373934,1.803003084018922,1,1
0,0.511209087967766,11.814465667349022,1.3899793211393423,0,0
0,0.46424044689007243,5.323791177853079,2.04674970697781,1,1
0,0.5275481980221811,31.446436571927144,1.7306227852223066,0,0
0,0.6939440404227619,17.25518659824982,1.9478299645738306,1,1
0,0.4922229779699787,14.160937375876566,0.8574214718969709,0,0
0,0.5021824627357848,16.438215495639028,0.9310985161609303,0,0
0,0.48592259981928027,11.213208381125018,2.1748566540290257,1,1
0,0.5396013679341691,22.304491968129387,2.0919776555560103,1,1
0,0.49693578993358684,15.53143352216639,2.109249630907863,1,1
0,0.4881376922836772,19.116650720563864,1.4238645287665568,0,0
0,0.47086001345178324,10.115025454018458,1.8704710190126566,1,1
0,0.47007162130904295,35.420391639655826,1.7251876946762283,0,0
0,0.5156437308117652,11.192691772420241,1.2630424303044523,0,0
0,0.5424260813972414,10.16808969089131,1.167619953435585,0,0
0,0.5374880945275432,16.94132278578133,1.4044207812534362,0,0
0,0.5111614334715834,9.97065773471603,1.8021564903303025,1,1
0,0.49112223776007247,18.792595493649102,1.5397329221716904,1,1
0,0.4565297359439314,21.034720017116193,1.717344076951974,1,1
0,0.568529933429658,11.132508364550166,1.1946963373829933,0,0
0,0.4586228781058419,6.658227152532804,1.5192339786645528,1,1
0,0.4947841687447796,16.859685973675894,1.7554369835109496,1,1
0,0.5366960100676342,7.101927123629031,1.0155935200950172,0,0
0,0.5423699335658207,11.186681876744041,1.155834653886419,0,0
0,0.590314640460722,12.616433449529927,1.2692432521907404,0,0
0,0.4835146572671191,21.84804953734006,1.7119216711661132,1,1
0,0.4164177749936356,28.6959523695086,1.1812418978118093,0,0
0,0.5298477306978504,19.44777481912783,1.6484583493485236,1,1
0,0.544329489373645,11.430175900748125,1.4377291058431683,0,0
0,0.5527210421650607,25.36961324333437,1.6350410648300808,0,0
0,0.5156196887963753,12.462268586723127,1.3269767248721516,0,0
0,0.5189507759589869,17.913482921992383,1.6159099427585653,1,1
0,0.5835562351715846,38.16735467155474,1.3695905871328635,0,0
0,0.5195962313489224,25.75416769061896,0.6847501859288584,0,0
0,0.44646040394870723,9.52968211807848,1.3593946063834765,0,0
0,0.6238218656137642,15.124840701625505,1.630770949505665,1,1
0,0.5814702790591745,13.591640887366799,0.6155458763968459,0,0
0,0.5785432596943484,16.677770955698612,0.9085655016880634,0,0
0,0.5569248203747208,25.096779234288263,1.3338848344396794,0,0
0,0.6535346428902198,19.9414811247535,1.5727465020233982,1,1
0,0.5170319550229878,16.77264800928503,1.1600622522140833,0,0
0,0.49719580870455665,21.795451877297523,1.528626494887757,1,1
0,0.5639489912873197,12.098776721047416,1.6334648421147793,1,1
0,0.5144991800572627,23.92546028982865,1.3920500258826516,0,0
0,0.5177853369961944,9.656261152030353,1.6509201972179408,1,1
0,0.4938917337911188,21.087808527576197,1.8478423680422642,1,1
0,0.5606717451611851,27.607493446678447,2.2507183250232266,0,0
0,0.47776726483442916,10.589310633477792,0.7885119004382886,0,0
0,0.5727182828177029,29.40809984324282,1.477766131635818,0,0
0,0.4837255476350812,17.013992316350652,2.4783007918467304,1,1
0,0.5454697397302447,15.89810203114998,1.7903066495594768,1,1
0,0.5511942012139566,18.624992384576316,1.1838102178218752,0,0
0,0.6341012248237518,18.545199375990265,2.0381680184619912,1,1
0,0.5144392161784408,30.722158918035444,1.1041580718965676,0,0
0,0.5527862456144348,77.48738378366622,1.9376766073883793,0,0
0,0.6264775159730307,38.286990463144214,1.4367968405684042,0,0
0,0.49939478123699166,67.66863413163229,0.8380573312536922,0,0
0,0.5536658983594203,118.76491203317927,0.9840156401035784,0,0
0,0.5332107650354936,45.783959468762454,2.1676086101157575,0,0
0,0.47484285234409473,72.959401247794,1.4017027743656223,0,0
0,0.41515566785292146,72.52951923666828,1.478282053392875,0,0
0,0.584810318240671,73.90634685745901,2.239582437978138,0,0
0,0.5365555654722585,136.13860355668535,1.057389636503332,0,0
0,0.5529609217007244,261.0550119131585,1.5055717167651785,0,0
0,0.5599042380383928,81.11459906596268,1.4422558352304231,0,0
0,0.5226570529379805,63.343439649062624,1.4868986919136007,0,0
0,0.5143577108661418,64.21122889151212,1.5425720910767586,0,0
0,0.6251996494291345,73.11104863299747,0.4396120766427951,0,0
0,0.6123042596248816,134.00770933267168,0.6706439070367402,0,0
0,0.5314279567002105,70.2815859991898,0.9369953221128715,0,0
0,0.4944712077267086,57.78341159429147,2.200908177369449,0,0
0,0.613577754749708,124.93261652844737,1.788668825617294,0,0
0,0.5237739866860114,49.33560099806075,1.6957498244911673,0,0
0,0.5856499215086195,47.311894501584824,1.403869840736746,0,0
0,0.5855479984101746,69.27263035877122,1.6777053245944158,0,0
0,0.6079664901682125,69.70586584189562,1.0675746689600412,0,0
0,0.5796550628984193,108.19014385922318,1.376181424274404,0,0
0,0.4874443211807349,94.96221800394434,1.8696108076827604,0,0
0,0.523863848974048,75.4532520142032,1.9196036903347558,0,0
0,0.47957693518182204,59.725829783592765,0.8773483305904385,0,0
0,0.4859785323751859,107.70798530405855,2.201917672793746,0,0
0,0.6348228184145019,32.13195486758555,1.5844069868810473,0,0
0,0.5227540456595525,78.50782857787054,1.6596544457408284,0,0
0,0.6051650941008261,80.62297279509256,1.5456910594648159,0,0
0,0.5318193893893073,87.7379946536238,1.477221750511573,0,0
0,0.46449158036716875,94.18209067325131,0.9607258311577148,0,0
0,0.5585432719063972,114.57024055932304,1.4264066654589282,0,0
0,0.5673790852680836,82.68304121898493,1.2840961278762553,0,0
0,0.5597922627548841,57.77072276730428,1.1086508889539872,0,0
0,0.464870819788108,98.53708623695358,1.9116622549302575,0,0
0,0.5628014867156939,101.43194838375095,1.8930763935782056,0,0
0,0.6007185032509066,173.50089316043295,0.7636503074673419,0,0
0,0.5187590711152161,46.10445634420656,1.5104364200843334,0,0
0,0.5137128093423268,103.5097495143528,1.5747067057908313,0,0
0,0.5194241098504027,58.36970047450403,0.937335561260711,0,0
0,0.4824157697191834,54.12327345041379,1.1096506988090669,0,0
0,0.5025300555584029,131.7436588032812,2.5529528259349563,0,0
0,0.5592418061847437,102.38214197901068,1.1566568879275145,0,0
0,0.5212181086881114,112.37693288983012,1.5488039258581445,0,0
0,0.5451970050137676,259.5001522952146,1.9597093305142703,0,0
0,0.548250575475152,59.75721017747234,2.208320254254204,0,0
0,0.6406224278998465,61.84208200112691,1.7831007741821903,0,0
0,0.5816203869527761,63.66335982523573,1.889021779850692,0,0
0,0.47148876400547723,108.47651850633112,1.2091451296700526,0,0
0,0.5462783285449977,73.35684803191398,1.7482688390202712,0,0
0,0.483232782064495,88.82647057907651,1.6520791404023853,0,0
0,0.577989522396552,107.92999609344335,1.9323122902218488,0,0
0,0.5729590039614219,119.34091351746181,1.4719337154165413,0,0
0,0.5714809109566293,38.83363789831897,1.5830750748652445,0,0
0,0.48616257120898454,92.65933692867902,1.067577383836695,0,0
0,0.5480222423071673,131.71467516275894,1.7726002789490498,0,0
0,0.5514878069747873,83.05163447859029,1.8753135223903992,0,0
0,0.5548060388470493,65.00727063520335,1.315089884517983,0,0
0,0.5345413938265681,67.43714271041928,1.5888535086534852,0,0
0,0.6127878062786761,66.10751075217718,1.1421570791121984,0,0
0,0.5280134470862913,75.38640904632219,2.078791153741493,0,0
0,0.6015922269734317,89.5832980304029,0.9057758507852112,0,0
0,0.5944815397811719,92.47070271140878,1.5329135957101696,0,0
0,0.5241355774949814,132.44737755908523,2.063738976074232,0,0
0,0.531858071978017,230.7242796179804,1.3217989914396913,0,0
0,0.6289786072865357,157.70753319324157,1.2908559891386926,0,0
0,0.5359107695569747,67.8727874004567,0.9622197955862891,0,0
0,0.4997929616623966,54.2349682646259,1.1928809739583486,0,0
0,0.5617107366268261,80.73006414269696,2.120200197125631,0,0
0,0.5992161199238293,52.32424969626054,1.4144044623097964,0,0
0,0.5837409746083302,80.19495261529997,1.0509111913750806,0,0
0,0.5583226104106529,97.39780096644687,1.6969805056032596,0,0
0,0.6727650069955448,93.39568425270905,1.2449040062994736,0,0
0,0.5188429736787619,64.57133731505103,1.277809152335898,0,0
0,0.6094508265553776,61.55278134397784,2.068201699195942,0,0
0,0.5083822213447886,63.42660528116439,1.6885662225545617,0,0
0,0.5816465908877756,63.957504928904584,1.58116920834052,0,0
0,0.6273752600665031,41.45607344748385,2.2183510692382087,0,0
0,0.5306149220032008,62.237912298537566,1.614346156289962,0,0
0,0.5829272136336415,95.31858455882616,2.3040818155065397,0,0
0,0.5400851377730773,110.81537080956137,0.9482723087941891,0,0
0,0.57834365135631,86.36419885286521,2.217823145407115,0,0
0,0.5911893975819449,95.0655504330979,1.4934308415708992,0,0
0,0.7063466212936811,204.84809732942483,1.2876524908318716,0,0
0,0.6322080438534535,96.27839991036329,1.7727565958505247,0,0
0,0.6091964092662981,275.47862499646124,1.3562831636851762,0,0
0,0.6354351790291454,156.5360627893866,1.8281928724789456,0,0
0,0.6333337344794576,150.77144136650708,1.967718236178269,0,0
0,0.6124354943794821,223.51159429512435,1.4331527678732583,0,0
0,0.6403254483254178,128.18991838824678,1.1732257316051056,0,0
0,0.560333059383632,141.6550294431238,1.511497929173927,0,0
0,0.5895549534009952,213.3203616252617,1.5185746192624596,0,0
0,0.6173126783013609,65.07604306042329,1.7581936724564302,0,0
0,0.56461108825235,317.6519759660644,1.5876601310655756,0,0
0,0.6588726639881737,134.25143206083382,1.4618817870452192,0,0
0,0.6103948254858269,136.0539406296,1.5746436492625433,0,0
0,0.5897044996449153,98.15978560226912,1.9294526999439088,0,0
0,0.5866484837073438,75.6078306650586,1.2199516740243306,0,0
0,0.5038406547608112,205.46233363000937,1.2764312610913646,0,0
0,0.658276201461717,142.20036533956318,1.473699895570805,0,0
0,0.6740578534720295,93.47106804812476,0.9207944398335024,0,0
0,0.6020007225026666,44.61316800967796,1.2991783102589556,0,0
0,0.6154178223649677,75.78777311403965,1.5975202855084796,0,0
0,0.5159847800664552,93.09834047633478,1.8489829313120578,0,0
0,0.5750412068110308,160.78728381469654,2.2386547984190663,0,0
0,0.503723741453763,74.1398813918638,1.2232367720475021,0,0
0,0.5921669724661346,117.56343208161417,1.403505576857468,0,0
0,0.5174230287904777,140.5996754726448,2.077505841629304,0,0
0,0.6358647915794063,115.64483331611616,1.6370901385510817,0,0
0,0.6084883640116101,147.3824179453103,1.679083424006926,0,0
0,0.6464576265066215,160.24709772597797,1.578608467880588,0,0
0,0.5755132152856386,165.09869287063256,2.076046886179789,0,0
0,0.6700470216455408,88.50997051507478,1.4839368197422627,0,0
0,0.5864052207455395,63.03202602500656,1.2275793370100476,0,0
0,0.5473688010348804,175.17427575278748,1.3215266267140882,0,0
0,0.5573846840375462,51.2747492606388,0.5304482693484173,0,0
0,0.6180207328072148,58.83491505982933,1.814320063460333,0,0
0,0.5316511928435393,145.32137157038736,1.480915457543208,0,0
0,0.5220817655403728,119.80562049013119,2.10135932070686,0,0
0,0.5689517913085168,178.09280192148285,1.5107543355978124,0,0
0,0.4779132565787854,131.7971510802178,1.4011290469917612,0,0
0,0.5299189995052542,88.28752617265633,1.387559882845618,0,0
0,0.6120421430633505,269.46827889135795,1.2715284040868813,0,0
0,0.6499677718293001,155.26820779072324,1.8698534731651075,0,0
0,0.5476531611147213,123.26363175064665,1.779289325445436,0,0
0,0.6247596610013866,143.24553219198995,1.7540687206727879,0,0
0,0.5532382394219716,192.4411638507138,2.02695762625373,0,0
0,0.6837630436312633,131.15916227289242,1.224324872764173,0,0
0,0.5898955391731323,262.0867233664484,1.2394327985542206,0,0
0,0.563982634590284,96.51931246160713,1.6696663785607666,0,0
0,0.551314999803071,151.8309471950054,1.4902581630956069,0,0
0,0.6663771585050355,314.6665177286733,1.6745294678696128,0,0
0,0.586001566335913,122.06983609379475,1.7454071890921667,0,0
0,0.5671311731288327,75.73459735319933,0.8325663704489642,0,0
0,0.612359796985137,143.6158674330576,1.3067254150802503,0,0
0,0.5187117168498829,243.66291792791426,0.9142500479160719,0,0
0,0.6323549151306077,132.75363753417687,2.1735710765831477,0,0
0,0.6339340416715648,97.6113545730569,1.4845966121997172,0,0
0,0.6241829968743335,111.03100179961959,1.7609291513653678,0,0
0,0.6538270174862948,59.034101717290135,2.0520365416589805,0,0
0,0.5997901766718704,90.55781867566373,1.6976120745130956,0,0
0,0.5524847423077289,134.93523699940587,1.2313506528247793,0,0
0,0.6386364509629682,118.62798391960442,1.717440061837773,0,0
0,0.6185849355324172,101.56665610573927,0.3605829517479697,0,0
0,0.49301431106109495,201.22754007310849,1.3550236234387472,0,0
0,0.5152659262139547,72.50389540927078,1.9643307149514078,0,0
0,0.5973251940865357,97.22483687115933,1.4812317684483263,0,0
0,0.5838410945530127,148.734095103114,0.9868031103245721,0,0
0,0.5553121708419343,187.88156887490476,0.8773672405360995,0,0
0,0.6550379895317155,98.97229082955877,1.840088696845397,0,0
0,0.5625371147840785,102.57541481108811,1.371345979513047,0,0
0,0.5990967726115777,305.52400003675297,1.6720166588764278,0,0
0,0.5919394579513256,190.7796881473202,1.3963831416717187,0,0
0,0.5764199370292967,109.85203354699335,1.4851111053960633,0,0
0,0.5825972942903649,166.4883001227901,1.7930560308862318,0,0
0,0.5839317595158044,115.71951416509374,0.7007197261871569,0,0
1,0.6773244237948997,422.90055497496206,1.5992040439438608,0,0
1,0.7644187352390364,76.05636293442114,1.1441641487379304,0,0
1,0.6080047036437235,461.03403582814497,1.4451095620250278,0,0
1,0.6288115519652098,174.2955810656134,1.9656125415467145,0,0
1,0.6708716436589862,256.97595567298066,1.5480270922755017,0,0
1,0.6675209452571789,349.96965571118193,1.34598440098649,0,0
1,0.6571190601483208,825.7785320179604,1.280439618685987,0,0
1,0.7152762966478993,449.2520466569332,1.674812122224152,0,0
1,0.6028497543634759,373.2387155775794,1.8533726129204384,0,0
1,0.6751317732619517,167.15711463119757,0.8982896599922567,0,0
1,0.676438120515174,272.034078541193,1.3285428861801092,0,0
1,0.7406855634529323,338.54395715427853,1.3814137206055919,0,0
1,0.7082043584144179,250.86604647416516,1.6757881955698561,0,0
1,0.689870003492493,161.1549116200436,1.4804690969243592,0,0
1,0.728785340665581,244.9088319142676,1.1399777651869893,0,0
1,0.6513464087858065,296.2782383499426,1.206231619032587,0,0
1,0.5879974558702853,170.96618938640782,1.837802025289989,0,0
1,0.6104303825271846,191.2644444567697,0.33864395455851404,0,0
1,0.5938455103296251,210.03135239839474,1.8568060640545476,0,0
1,0.6255924827411139,441.0716321226387,2.1009743221377235,0,0
1,0.643758430824569,435.53888144354164,0.20023771405057067,0,0
1,0.5905213766618203,785.023584150618,0.5418405012172431,0,0
1,0.7819876203169637,443.61022159215895,1.7537091274042074,0,0
1,0.6897377170832644,360.8811599036271,1.541366223512123,0,0
1,0.6740595711984688,393.98288472624455,1.2416804415807503,0,0
1,0.6223017705566662,272.2233027864982,1.0877299692532902,0,0
1,0.6550830186602625,130.70711238446782,0.804563557139633,0,0
1,0.668994707557674,170.4043956996857,1.7568009145378398,0,0
1,0.5814749698188412,423.2792284774172,0.804148745371865,0,0
1,0.6108756303230846,427.57796147089607,1.1101467400011902,0,0
1,0.6115827772568183,358.6378294753681,1.242150202458384,0,0
1,0.6299316178024393,153.61940240177623,1.3279127736570147,0,0
1,0.68202373689802,136.721009581486,1.1921448804293275,0,0
1,0.6711957067032331,359.03148358700207,1.7456561719895376,0,0
1,0.6385297229437373,296.2313181490959,1.2489190012129134,0,0
1,0.6624430035162853,357.54946501307313,1.2162366764815529,0,0
1,0.6268549541224526,204.1578243805083,0.6389578912801225,0,0
1,0.5978068382304358,615.2933448631592,0.9228379208816371,0,0
1,0.7047462188472221,202.65526503471298,1.0820201286831888,0,0
1,0.6263254687878066,490.91624651029093,1.3115976648895207,0,0
1,0.7672574563886695,192.2666920265896,0.7249606323881947,0,0
1,0.6916888440466049,321.8896943647856,1.3655196389805992,0,0
1,0.6535089650133287,257.6005570461979,1.2175245887916437,0,0
1,0.7081939558397455,262.07709139247396,2.0842092006365407,0,0
1,0.5915098510210461,217.87430194607643,1.164687180659498,0,0
1,0.6198162716015135,893.9580097526698,1.855646722177627,0,0
1,0.6323205879146003,595.710594540678,1.42759323167411,0,0
1,0.6410436129506256,582.6391747885771,1.1185678559590553,0,0
1,0.6092621634653567,215.5155774090932,0.9402889819735971,0,0
1,0.6617041734129613,161.42110076386103,0.8920107075765432,0,0
1,0.5822052176898187,311.0623154952966,1.3323520928857828,0,0
1,0.5603132178714273,407.43346199190125,1.3496226279390289,0,0
1,0.5995179490654398,486.5018234813947,1.8690289547350813,0,0
1,0.6247494072120796,338.10217996429867,1.1776923689369176,0,0
1,0.6638002695706207,359.97576646307436,1.4155023969785476,0,0
1,0.6684680412018039,185.02417390222504,0.6345142012380078,0,0
1,0.6148046179267606,266.33046186643656,0.9057880229640933,0,0
1,0.7145655060297135,488.349594728495,1.4436552483628708,0,0
1,0.6441795775152599,171.27130172927613,1.6852390799916734,0,0
1,0.7759664769990847,298.43800245939497,1.3573271357577488,0,0
1,0.644544176789875,305.2746018821809,1.2534163619129128,0,0
1,0.6954054338344295,261.43303667137144,1.5826809267178337,0,0
1,0.5934383523221112,196.58488955626257,0.46551785075868124,0,0
1,0.5948316696913063,201.09348759574632,0.33884376281900674,0,0
1,0.7746499758716395,190.5727835109941,1.1975716353840427,0,0
1,0.6540914679273783,233.33954413373704,1.160444138723543,0,0
1,0.6354862727905675,241.9565664521741,1.3069569256287612,0,0
1,0.6165954773178476,184.92268670407674,1.596816939814609,0,0
1,0.6122127420253578,147.8860322447148,1.4146039374281614,0,0
1,0.6514090578684565,106.7898861880208,1.1963524013423186,0,0
1,0.6737349116439977,260.819036436009,1.1899892165019423,0,0
1,0.7195103774508657,231.17353213825058,1.423124122540745,0,0
1,0.5844081883824921,160.74712759124685,0.7739545347698509,0,0
1,0.6195243898920358,139.46625861452196,1.1252114788058216,0,0
1,0.6764846377178365,164.13122846737122,1.1718004887763636,0,0
1,0.653223720740506,199.15821417646117,0.40981337345845137,0,0
1,0.6427956222139193,104.8439325760436,0.7161221028635569,0,0
1,0.7265375416171849,209.58759022077177,1.6875047406789268,0,0
1,0.7245363068424976,145.34707795808114,1.2594669828808445,0,0
1,0.619329866822953,137.48091785378688,1.0790121254047487,0,0
1,0.6585208111187744,134.35616839579583,1.2642295924199458,0,0
1,0.6718469084873175,160.21946382721347,1.6762585099145366,0,0
1,0.5757551015775049,245.2978474818245,0.17843154603921807,0,0
1,0.581656065079229,243.62198332328933,1.1100938392429265,0,0
1,0.559900978120999,94.50218477145577,1.4165850912819151,0,0
1,0.621174479963664,225.15603198944177,0.16358308314203596,0,0
1,0.6695902002701274,125.13132846762132,0.6084353724903484,0,0
1,0.6492345075413503,173.76186660751705,1.4317165998404353,0,0
1,0.6013465529559222,168.8456494987957,1.6786286006657964,0,0
1,0.6486347730245035,148.9834919270608,0.8266928163707215,0,0
1,0.605759864298655,131.06544809215399,1.1308215760306308,0,0
1,0.5814049428534322,345.65550587042003,0.5545754408493034,0,0
1,0.6395338161424067,310.1947923637749,0.9323709045360333,0,0
1,0.6197192230131569,255.47662663079984,1.9304038854187744,0,0
1,0.6256044295927149,217.07446629784457,2.0629232853062014,0,0
1,0.6871047686004653,121.8270114877903,1.3197170321625968,0,0
1,0.7280755598363426,287.42368900682925,1.2128016596263067,0,0
1,0.6729986071469558,113.99285529482344,0.9289138520991576,0,0
1,0.6568267665541369,395.91441993380664,1.0538713794751564,0,0
1,0.5826436855235152,173.86514202415523,0.8113543845957394,0,0
1,0.6171552860514302,274.61224207129726,0.7812356069272242,0,0
1,0.7092852077331498,203.70391731869714,1.4875813242660267,0,0
1,0.6121602455715269,250.4840570144064,0.6312757333032625,0,0
1,0.6338660080578933,314.4339249798561,1.0996667934179811,0,0
1,0.677811500470033,290.86556342443686,1.382355108832643,0,0
1,0.6178240884809929,423.86918023345277,1.5711360512324948,0,0
1,0.6634296139431629,164.15805626765834,1.8113873705650128,0,0
1,0.6769148039524817,201.07941018090062,1.6290029349239208,0,0
1,0.6080395166330497,135.76766604243397,0.7820763223915865,0,0
1,0.7528103564970161,66.04348244459216,0.7587166537113267,0,0
1,0.636159335005554,144.83710318881737,1.3229626791236402,0,0
1,0.6930236744179873,230.96254646856008,0.9667690245724245,0,0
1,0.664128997524415,148.40856490037655,1.100523549526581,0,0
1,0.6745487475819126,329.79766315013296,1.493951114419927,0,0
1,0.7086736928742663,215.60982017825214,1.2724086234814826,0,0
1,0.6699843975876321,89.26410422029076,0.9394572424832683,0,0
1,0.6793182009377546,126.1278794379455,1.6953132285734542,0,0
1,0.6654416506299482,161.5389071453578,1.8808859778540952,0,0
1,0.7800841557090198,178.30806311060715,1.4262038582526175,0,0
1,0.6876670810552267,72.44521156441435,1.352463353953111,0,0
1,0.6836590675634979,285.8772590583888,1.1446176064064904,0,0
1,0.6395488371356988,92.22577150416699,0.8597918183162798,0,0
1,0.6794289202210305,123.21591991268271,1.8679618017405626,0,0
1,0.5902058468982408,191.09601606668542,1.3778410672880563,0,0
1,0.6195108547840309,274.14522499950243,1.1463931333308328,0,0
1,0.610755084345888,161.06105277125565,1.4593121735375436,0,0
1,0.7409766221953513,208.3461500630967,0.84500312887916,0,0
1,0.7561190678913885,180.68791403327984,1.050866739163293,0,0
1,0.7000181907192699,478.5502779254004,1.2898738903007543,0,0
1,0.6490817133533484,334.7196851152365,0.49567647520768954,0,0
1,0.7831292051713591,110.72860470956184,0.9792567416430212,0,0
1,0.6917876200671306,695.6295235759237,1.2738205212788147,0,0
1,0.8203046444079561,440.35315281003375,2.024601430654559,0,0
1,0.7712031262905731,378.9454828903383,1.4370107796804732,0,0
1,0.6924407141835733,312.2768176879206,0.8727204466310771,0,0
1,0.7114907688737535,219.66618223257433,1.01870878026909,0,0
1,0.7677652604285256,300.96738328798153,1.235362754516739,0,0
1,0.6629155442933248,427.740234602467,1.1225362162881127,0,0
1,0.626673169146347,159.34274356027504,1.1669277256629202,0,0
1,0.7956724871621066,208.27121895142741,1.452324673821911,0,0
1,0.8127046283167094,138.7596743726606,1.6884134782101412,0,0
1,0.7086757950575083,285.8798200561669,0.816224305310608,0,0
1,0.7744374309852092,186.07214914339568,1.9538345223738436,0,0
1,0.6955575289106862,440.57783824810565,0.7521530266843954,0,0
1,0.6315780317218573,234.39936706449208,1.3292670856739126,0,0
1,0.6966981749065878,205.86207022493753,0.5621187730932817,0,0
1,0.6933649580169045,277.202308252066,0.7320332657158848,0,0
1,0.7186242547474682,60.407275342397035,1.9089006386678977,0,0
1,0.6971451871706864,464.6080713626912,0.9591151758552877,0,0
1,0.6700807280405854,271.6667038886345,1.3207167599277863,0,0
1,0.7813466611942154,310.5558236807952,1.1599383694080188,0,0
1,0.676100870662172,200.73273743588013,0.8692478583840559,0,0
1,0.7383682753408088,198.6832891264503,1.5654338504932999,0,0
1,0.794634428447976,153.26937872673838,1.0915505595829724,0,0
1,0.6826394160426088,217.89477524445354,0.23030389589082323,0,0
1,0.7568421948546217,327.48687394499547,1.0874689771527146,0,0
1,0.745796960885205,226.73305789752274,0.5749816572453829,0,0
1,0.7597132339810914,173.39181175983248,0.6982842307323002,0,0
1,0.6521709097688297,251.06920438916615,1.3865719929734106,0,0
1,0.6392434092047246,216.49963885144427,1.6658957417828686,0,0
1,0.679487378149281,158.0736931754384,1.280227678892377,0,0
1,0.6692089090510801,368.8958495267384,1.2246719399391885,0,0
1,0.7546552803631572,266.8255226309304,1.27057662211089,0,0
1,0.678620488967564,186.50630001691147,1.2344575532185498,0,0
1,0.5739324758252696,135.79752518084098,1.3746239216630671,0,0
1,0.6018533782229081,330.4311195928538,0.796107718116025,0,0
1,0.8228747734855849,290.68696421121933,1.208317483070163,0,0
1,0.7108551779447579,158.54305912068222,1.749950567659274,0,0
1,0.6800403996674873,164.5054443065677,1.006902591127187,0,0
1,0.7261335157997397,143.2554890212973,1.8498713833878242,0,0
1,0.7073823248936856,254.42681206622913,1.0832754924337824,0,0
1,0.764155488857358,108.87404705027788,1.168865121194879,0,0
1,0.8796553783922431,202.8388020933293,1.3195011633462745,0,0
1,0.6986821201897228,156.85496268276734,1.6593782836787019,0,0
1,0.6480861010841317,231.50448132038107,1.5676915738300814,0,0
1,0.8136648888108773,162.871689178212,1.6320192262858595,0,0
1,0.7840508180867556,179.88768668907696,1.2271422042109612,0,0
1,0.7442366408647237,322.91066310680156,0.8614573380036505,0,0
1,0.771498040879058,164.68426936915773,1.0660898671573835,0,0
1,0.6722438710325324,183.4579962263238,1.3694396262373845,0,0
1,0.6666233542872864,556.5537545393373,1.2096877826691033,0,0
1,0.7160179304377142,415.352183917796,1.3809487184998934,0,0
1,0.7414153548603823,136.3943686072214,1.1251422939981803,0,0
1,0.7793693025782376,342.82017700808683,2.2358254568074454,0,0
1,0.7362898158291082,285.5629440428881,1.2777537206309344,0,0
1,0.7369241921730846,187.67330551418823,1.0818394359443881,0,0
1,0.785879876780398,237.32606224672736,0.7973829738881435,0,0
1,0.7858557533669932,367.4447248836112,1.1527725892035685,0,0
1,0.6896089006452784,84.6726666511903,1.7187978186244437,0,0
1,0.6700348883852545,217.74767065039777,0.998090031508713,0,0
1,0.7473366784100689,321.14943945744596,1.1044271603321223,0,0
1,0.7004120925478089,186.52337400863357,0.8310359262005989,0,0
1,0.703883976539433,455.1133945141805,1.6868634083301985,0,0
1,0.769915544907398,436.25187422163714,1.0273518749127806,0,0
1,0.7187902196804542,263.8302983046971,0.8385192557079486,0,0
1,0.6610480104420099,254.57340511027667,1.6750717553846255,0,0
1,0.630057982793642,73.0198912235377,1.3133151486184569,0,0
1,0.6493346900737638,80.10212893322962,1.0100385373509901,0,0
1,0.5527010159876625,133.20555403361075,1.2505518318185647,0,0
1,0.5699834337697213,215.3635908241557,0.9289020117900593,0,0
1,0.6289790890969799,113.41664963299431,1.3402520397094237,0,0
1,0.6517360734280885,112.16195783835383,1.6438799367824892,0,0
1,0.6079371172690728,108.22669618259685,1.4690294804810926,0,0
1,0.6133683126808713,211.61245113227685,0.8101882781317433,0,0
1,0.6139809418023201,148.11603272765734,0.3309321815943854,0,0
1,0.5932335907023039,131.78205045506942,1.1637866870783355,0,0
1,0.6295249839889533,104.50143664258738,1.4837807268556158,0,0
1,0.6456552899088042,73.98340442853214,1.096181328966433,0,0
1,0.6507683742006527,125.49606289556169,0.8258245191821618,0,0
1,0.5932018277442976,146.71642214450515,1.523223119312458,0,0
1,0.7119091838397561,106.17503027703013,1.110613607051259,0,0
1,0.6190290197056134,76.90855449075825,1.0787280868662898,0,0
1,0.5391844695781706,128.99627477147362,0.7785270323414584,0,0
1,0.6675153795986788,55.66203716666747,1.8842453490327702,0,0
1,0.6115589138404994,85.86768130980087,1.2280208652452724,0,0
1,0.5736323432904713,151.81382073526052,1.295347593093914,0,0
1,0.6450547084969922,139.58149213818476,1.2758326466394974,0,0
1,0.4848383853500381,141.2145566242847,1.471150127812363,0,0
1,0.5284683551571772,67.05248111014484,1.4044810398099923,0,0
1,0.6131275742686154,166.99368805983863,1.5811498188811755,0,0
1,0.6857457226792023,185.92342333215475,1.8559858117485573,0,0
1,0.6237716819450796,125.68352504229857,0.5592136752411325,0,0
1,0.5778376702341904,80.56638884350646,2.0683770869991256,0,0
1,0.6261602403392242,83.15123471156414,1.420594150416187,0,0
1,0.7047525520215376,91.7833373862549,0.9509402553062192,0,0
1,0.5828764707150976,98.23700969734344,0.6719909955117176,0,0
1,0.6181481601475793,68.34125287064477,1.028279110193096,0,0
1,0.5496841268164083,65.90539004161468,1.166757770948522,0,0
1,0.6580027981844802,45.72684310852888,1.2329759011738013,0,0
1,0.6045395461475068,46.70781500668009,0.8991374377637666,0,0
1,0.6870225223011572,103.90096647332996,0.44993101214170206,0,0
1,0.611993360221668,94.78123114400658,1.4685360305801862,0,0
1,0.582401533413059,99.06222153229866,1.0723784257333526,0,0
1,0.6738003569299299,62.90326277443974,1.2085246594687769,0,0
1,0.6169669593092689,211.73711442776488,0.9166372932358149,0,0
1,0.5298430161872028,45.54214648826551,0.566345622797804,0,0
1,0.6454362511614967,101.49572336766346,0.5675237191871465,0,0
1,0.595846947415828,134.6362788417473,1.2587172047942197,0,0
1,0.6648419657932766,185.91860177189596,1.092587740837667,0,0
1,0.5124092299335348,60.266305646514056,0.9123386723030319,0,0
1,0.5706410236424408,81.84285963894841,1.147497213163078,0,0
1,0.6087572009095961,93.16694744670286,0.939998967670616,0,0
1,0.6420970324784705,97.09639740612228,0.7638403690228615,0,0
1,0.615070593385787,169.81833384384532,1.207539849177939,0,0
1,0.631660806563175,123.78004511589967,1.581254653565298,0,0
1,0.5893781312679781,102.41319325336427,1.3446014100824406,0,0
1,0.6254279852888261,53.79243678258002,1.1867080037422157,0,0
1,0.6135731244280535,81.95391561273186,0.4472603818009443,0,0
1,0.6246422450570557,70.30785034931273,1.2639425567989602,0,0
1,0.683285392043235,56.676284299521896,0.8535300607141996,0,0
1,0.6413597180935843,139.22139148673762,0.9415090760624787,0,0
1,0.560318158412176,200.07645570126414,1.5676616694440006,0,0
1,0.5864689895461678,141.18508842816487,1.7569861200257315,0,0
1,0.6344346814639928,80.4220778618342,1.3041287355084883,0,0
1,0.6605404136579891,84.72161269235019,1.517395488220885,0,0
1,0.6852170121439076,40.97533426489065,0.5350032047857302,0,0
1,0.6763352568413792,143.23053460586084,0.7636134279139206,0,0
1,0.5647147665757032,74.80937719934697,1.1140315878845057,0,0
1,0.658983026613467,78.35064824274012,1.7241234984478433,0,0
1,0.5918915986710849,168.65705371081424,1.1163112505021888,0,0
1,0.5797064966751906,42.19334401465245,1.585940653238983,0,0
1,0.5582825564060039,186.20010726687218,0.9630142963388423,0,0
1,0.6340080579409804,88.9368955693456,0.8761585920313415,0,0
1,0.5963080326464542,108.92255665835941,1.1942190916486883,0,0
1,0.6203211134905469,115.0811557828508,1.0254456437893724,0,0
1,0.6155818520397333,85.6685052932267,1.051995588047149,0,0
1,0.6999323585252358,80.10605483209962,1.4243677791764955,0,0
1,0.6548477202255367,78.79452598198203,1.066472204097596,0,0
1,0.6384821096099047,152.5840752498894,1.1570791423983084,0,0
1,0.541456192396575,110.08824670549288,0.7492930124360778,0,0
1,0.6271471547381854,52.59091664377036,1.8930059997940367,0,0
1,0.7319025550720378,491.2936020885348,1.4003377899777827,0,0
1,0.6728663100132989,80.03634712226568,0.8848864992367044,0,0
1,0.6915928090707605,136.12525188921146,1.011163768921149,0,0
1,0.7373955128058767,73.8674252824171,0.7709027897040773,0,0
1,0.8037041334874986,200.46064430824293,0.8322461633654306,0,0
1,0.6856997889059944,57.64638078546054,1.6403838539994284,0,0
1,0.6385225202773791,434.5074997884866,1.3986796892946087,0,0
1,0.6947025822847932,145.9942365638646,2.257737338806814,0,0
1,0.7126869830747287,91.5257362397712,1.3870772687061732,0,0
1,0.7048991576735447,293.4069922172608,1.3232202158016408,0,0
1,0.7134563470622554,150.91473305246973,1.0627230898010358,0,0
1,0.6815194831978183,238.09367801287752,1.3508401575608746,0,0
1,0.7563025125386084,177.64525010486653,1.1794425105646054,0,0
1,0.7630960750356995,81.0521066802288,0.8377070796549524,0,0
1,0.6702169352978253,134.12363160302272,1.7497752372683268,0,0
1,0.8568874266829997,68.84815687059138,1.6224227236264208,0,0
1,0.6972552999691857,199.0217991611354,1.3142216299430627,0,0
1,0.7322607792975028,227.5709240020223,1.4222417864013794,0,0
1,0.6901330789846336,187.40427045440728,1.1394906865385952,0,0
1,0.7566885048433531,164.88497749718698,1.4374226889123447,0,0
1,0.732795038826488,47.93193411612193,1.2778944778875099,0,1
1,0.6805740773455556,178.49095193399899,1.6496450879944053,0,0
1,0.6613561166088195,275.7083926606401,1.362820914849814,0,0
1,0.6310190917605534,116.24631212945059,0.9493131101640139,0,0
1,0.7476562522688043,265.3458086145344,1.405234168038917,0,0
1,0.7258089143557479,249.44786987192003,0.943407361910819,0,0
1,0.7400204762613841,218.61714333906224,1.5017165319254298,0,0
1,0.7354151923600531,307.3440696469993,1.3405792830166332,0,0
1,0.698673937037547,291.3497565898561,0.8472501395089128,0,0
1,0.6627548677596775,167.26455441166516,0.9299286900102472,0,0
1,0.6603790039500019,168.66650954511616,1.0768153881443838,0,0
1,0.7106646853686469,76.77125227640398,1.2004821901448897,0,0
1,0.7329622834216202,124.61973328774498,1.5750280550506233,0,0
1,0.6618637610716892,87.31785022923242,0.8923430600850806,0,0
1,0.7414737420965873,117.91929566007049,1.1224695444908785,0,0
1,0.5998068817796622,159.8003418074937,1.4541672120836906,0,0
1,0.7029966315133164,103.0578594975724,1.3109507751832767,0,0
1,0.6345589800440443,332.039261354854,0.1,0,0
1,0.7900255590755426,195.52517549191927,1.695578541175775,0,0
1,0.6754181907183976,197.8093301642142,1.522849038654924,0,0
1,0.7238178884678109,116.14751462644898,1.4021880636666508,0,0
1,0.8379830019455539,290.0494162322187,1.3569663868715067,0,0
1,0.6987212843904003,143.15432144560654,0.49236963804435263,0,0
1,0.7995358780943448,234.08869612395037,0.9903646408261629,0,0
1,0.7788790033808899,342.7086564811652,1.6484122669297885,0,0
1,0.8195349839430692,320.02981873744204,1.0688421133948327,0,0
1,0.8612549132333817,343.146271412638,0.8531479137156398,0,0
1,0.8048136985611667,237.97570192555986,0.661651630610714,0,0
1,0.796188956322767,221.3300350730932,1.549755672285091,0,0
1,0.8296794955683772,360.13306704878795,1.540359184867189,0,0
1,0.8395232424964444,300.8174766683414,1.1587112988270014,0,0
1,0.7908620671194209,360.58728628106223,0.22447313668942825,0,0
1,0.891137406804997,301.2364103180587,1.570486160896637,0,0
1,0.8818065360903109,494.10589860500835,1.2354630363845749,0,0
1,0.7891174052282824,349.7130860387575,1.07357085758918,0,0
1,0.8801942218584408,422.174194985904,1.1442214897276002,0,0
1,0.8200263979428298,261.31741729262797,1.440482699571646,0,0
1,0.705190952343138,167.09897951210849,0.9797852602033665,0,0
1,0.7945929901176344,184.7494169861005,1.1408878724730114,0,0
1,0.8926233767235372,260.9579313419308,1.330697905840928,0,0
1,0.8511103572021701,366.32996010871835,0.7444667528876923,0,0
1,0.8162117856732269,510.77097511244244,1.468192246896485,0,0
1,0.7423120616991967,197.54872068383554,1.5271558632100115,0,0
1,0.7748974222821244,379.0640857731086,0.8521347674901222,0,0
1,0.7605294053566336,531.0024572286181,1.8570691813023854,0,0
1,0.8519195962804191,213.37296955185815,1.068552609700406,0,0
1,0.7927942998942903,419.7903163308146,1.1348828375710822,0,0
1,0.7698906272109263,325.9469456513664,1.4963297381680503,0,0
1,0.8085700042329991,254.01031867079837,0.802260250156595,0,0
1,0.8104486118699915,101.01518472330699,2.1650461686451665,0,0
1,0.8190369810132803,455.4987285408793,1.0948436683166929,0,0
1,0.8473559557587604,323.2514966209755,0.727674873876462,0,0
1,0.8557690657720621,528.3536009857777,1.4872742902831737,0,0
1,0.8209808328846995,389.8005033041167,1.469144494386728,0,0
1,0.8022979644529488,417.64732486654543,0.9705592908412396,0,0
1,0.8974510075747593,335.0086420517292,0.7043571697384396,0,0
1,0.8582380420618259,196.32763742241886,1.2203550807424073,0,0
1,0.862197659895425,410.8281504727934,1.110719098146078,0,0
1,0.7699548010761742,742.9359230057797,0.8686011900879016,0,0
1,0.7678405594422916,362.74735878662307,1.1296582382271714,0,0
1,0.851044324414798,802.5810343568733,1.2922803622874734,0,0
1,0.819181929598026,215.52935285081946,1.049921447870425,0,0
1,0.9140821897501884,329.3758365755194,1.4230764242900498,0,0
1,0.8623252389216002,230.44567977873282,1.399288699398714,0,0
1,0.9290270343284186,634.7545064047146,0.7939623232688524,0,0
1,0.7871211070542692,263.824833293949,1.1063920563572074,0,0
1,0.8993667258294551,468.73263029213854,1.169619590542991,0,0
1,0.857587899612437,329.0599217815416,0.8659428393479907,0,0
1,0.769616948644097,973.0774493063129,1.2738962315582898,0,0
1,0.8503399922279998,944.6306942477268,1.123984385999402,0,0
1,0.8409804159118796,323.5393718652328,1.749139389870612,0,0
1,0.9266716850648162,140.44744932080988,0.6304171390199419,0,0
1,0.8285377789850669,337.0319404231808,1.4354213079082878,0,0
1,0.8731086333040972,185.1220420565392,2.009723849314741,0,0
1,0.8594853083805197,205.76668928493626,0.9352071288813564,0,0
1,0.8509573888707875,460.2733239411092,0.943405236382276,0,0
1,0.9402174054893371,473.29259007330563,1.1236384833090804,0,0
1,0.7853363521064418,525.3487494333045,0.8174254492727964,0,0
1,0.9242058014267982,470.0100501468247,1.342245339514264,0,0
1,0.7799645702711677,295.32295016816215,0.6998369064121129,0,0
1,0.8241166531161704,446.29381559006424,1.0191638668667677,0,0
1,0.7932939114826024,275.1803363028462,1.0253121055837617,0,0
1,0.8849860894583258,330.03078600339813,1.1011897197016012,0,0
1,0.7476229097182421,289.3660654996508,1.4976767885999747,0,0
1,0.7475313480839287,313.37317716046323,1.728521612909205,0,0
1,0.7499788217130647,644.0439503374679,0.45338401945575346,0,0
1,0.7457685087119998,535.0321176243555,1.5162502396651074,0,0
1,0.8246298669149655,140.1059468524085,0.7155312282876874,0,0
1,0.7807136533918217,472.38270427256776,0.818424232241342,0,0
1,0.814315922847835,283.09407893349874,1.2423577812460938,0,0
1,0.8788220292257743,442.2748223240806,0.5743033553155794,0,0
1,0.7852177968761607,703.9386984814851,0.8404863806707487,0,0
1,0.7705439804611484,186.84968797872966,1.5686600447697838,0,0
1,0.8555577465123674,321.0344741406678,0.6195297239793763,0,0
1,0.717380327779344,338.1554128301647,1.3454527530499871,0,0
1,0.7589619103159474,506.76376241311686,0.15831445734914618,0,0
1,0.8018369275866755,371.84320878672503,1.361717901984679,0,0
1,0.7264473160175475,592.9129569138476,1.4720864421801798,0,0
1,0.6910706207996742,581.4785001714813,1.327860730367591,0,0
1,0.7759238663449177,270.9853319195564,1.3390705934153344,0,0
1,0.7462145960419194,273.06033108613417,1.2136609669952099,0,0
1,0.7257087435557408,208.44702768993838,1.4717493131826014,0,0
1,0.8133156250454606,202.7529619544747,1.3850365171415804,0,0
1,0.7461217673832172,156.38682566026162,1.677643761218949,0,0
1,0.7567797868845306,218.63881649997202,1.3848243573007586,0,0
1,0.7674230556977752,483.7031280779108,0.9609959221233433,0,0
1,0.866944983189879,644.846339689691,1.5915432203127182,0,0
1,0.7395867139179537,353.30749971979634,0.8678222373773739,0,0
1,0.8009199110444342,430.1254735085944,1.7606394371785719,0,0
1,0.7048459849120091,455.6150020972892,1.6207790470891674,0,0
1,0.7608014364023824,216.98285372332586,1.3000800825006777,0,0
1,0.9354959278002681,834.636238998173,1.442689223654473,0,0
1,0.8067252824240275,313.0951503858431,1.5550621703495344,0,0
1,0.8697605677956162,294.3134000401093,1.2920283036765607,0,0
1,0.8132962126027231,425.3575067619008,1.3686346442457822,0,0
1,0.7491373406726539,495.9468892276213,0.9766792984215877,0,0
1,0.8019750615310114,207.23972454223727,1.5115746014048457,0,0
1,0.8637246216673768,417.77516597749064,1.1977615924683813,0,0
1,0.7254149561930343,459.38073885141324,1.0451601190102395,0,0
1,0.8224551055371572,464.953596676761,1.0824132209343271,0,0
1,0.7041063126659596,329.2199124193066,1.0571883196773562,0,0
1,0.8087602508053283,507.5615788517846,1.400266288552484,0,0
1,0.7803531579314088,347.70129964516315,0.9358715442106211,0,0
1,0.8010486472194696,465.6426091378436,1.3968075391971198,0,0
1,0.6723328540064378,268.3333198252572,1.6388610847014782,0,0
1,0.736861211797844,274.0933556492083,1.4773915647655975,0,0
1,0.8329968192023312,285.0144639397301,1.446802379830679,0,0
1,0.7117022144399733,462.4561830210268,1.6847775941545602,0,0
1,0.7615361430376899,382.4157458308551,1.2573553869369003,0,0
1,0.8004326405740336,152.87793045817665,0.7882513967271714,0,0
1,0.7038820406891054,184.97931147880726,1.64507534999597,0,0
1,0.856686385495825,256.1535554028737,0.9856794147790808,0,0
1,0.7241737780025671,157.69054502108625,1.6943246480027754,0,0
1,0.75258563517547,316.9650253101972,1.264007290341115,0,0
1,0.8358699407951231,426.13144238863265,1.7793996919571704,0,0
1,0.7136976156958981,289.1801143432805,1.0346139355506896,0,0
1,0.7318120536894694,382.24885354350374,0.8171396340419828,0,0
1,0.7775673824214775,396.8864280454976,1.2131187981646345,0,0
1,0.7684799642897117,241.6819769303679,0.8303067422926782,0,0
1,0.8317624667361877,507.51938265808855,0.4615248551047624,0,0
1,0.705173537245496,223.78051562194895,0.9399904262372407,0,0
1,0.7075177390150735,327.4706822446645,0.8312560747498747,0,0
1,0.7903633664699472,216.40784533494946,1.2277377348145002,0,0
1,0.79884104360697,151.76384050065224,0.9813279661650938,0,0
1,0.8736726045149269,185.8356593130743,1.736184420716139,0,0
1,0.8314866208939587,117.01427946967888,1.5245586217966367,0,0
1,0.830938882187743,125.25968355374738,1.815172767365021,0,0
1,0.7441248589492868,126.71777479623552,1.607064586737401,0,0
1,0.8175738137619762,237.2893827585771,1.3362356865601988,0,0
1,0.7236763935844459,250.3652108165929,1.6189270826485793,0,0
1,0.7785304627965987,355.46366196000565,1.182609220074455,0,0
1,0.8157127378008918,105.43652937438364,1.4288229766856575,0,0
1,0.8462176679935252,204.20442451819258,1.0663691076080237,0,0
1,0.7390167830653942,270.74575236882794,1.1905791396503047,0,0
1,0.8012653961020472,194.15331193282287,1.0521892284666565,0,0
1,0.8313023585720754,197.9362210045235,1.025294305104713,0,0
1,0.8774791952102711,101.91588695475299,1.7525816314761946,0,0
1,0.8244853902622598,117.40028299608694,0.9988100917794627,0,0
1,0.8047112064506747,236.4358154415858,1.1062368798734712,0,0
1,0.755472947384187,147.58628402722255,0.8335232338075029,0,0
1,0.7866410854975323,144.4289277413174,0.9136960043556992,0,0
1,0.8643623077667963,285.43974621441066,0.9679787034519828,0,0
1,0.8149842555151467,233.88734222844226,1.3888009083677098,0,0
1,0.8271341209179861,217.30185010384045,1.3928995810722629,0,0
1,0.8334578032194637,120.32055112325077,1.5549163349066968,0,0
1,0.7918968917723801,148.95269671617214,1.4733315971244276,0,0
1,0.8436489023883006,191.12283029586098,2.145548997847744,0,0
1,0.7209477698423112,147.438894597832,1.3215274382419502,0,0
1,0.7784566813077616,290.5601634723867,1.7813042653284137,0,0
1,0.8246459311515806,114.97732337113139,0.9576556716964426,0,0
1,0.889625767658406,455.24129110665785,0.8933373648866607,0,0
1,0.8329793943489902,163.99022453579522,1.045147740084194,0,0
1,0.7912694210271205,205.7521898275817,0.43213073752093734,0,0
1,0.7555136112967913,208.69639596826025,1.0027508710400912,0,0
1,0.7271746552860372,402.1165340385947,1.5252820746991909,0,0
1,0.7760119915752083,185.2255389620867,1.5161487584206845,0,0
1,0.8185306498609766,244.72389436577689,1.5872738642131443,0,0
1,0.7593881632746126,180.9134532885923,0.7659397893768807,0,0
1,0.9374547212654363,144.84624380018036,1.6978718322947146,0,0
1,0.7238771021628215,114.33400875103763,1.3927464246873966,0,0
1,0.8174441917658682,268.64120786411934,1.0980176825785208,0,0
1,0.8063939762079679,198.4730085326783,1.2343572025173322,0,0
1,0.7785100184712404,77.35632640286285,0.8594374262958745,0,0
1,0.8892629501301705,162.30551149070024,1.3469926661897218,0,0
1,0.7860900750988626,130.26188646508692,1.393075154883685,0,0
1,0.7703425296607835,181.21384804889126,2.0226174259318164,0,0
1,0.7636816038405727,90.17349151201343,0.8294475480073846,0,0
1,0.6940656744256952,192.60009352393297,1.0330532745579661,0,0
1,0.7887908359672354,131.34728325794308,1.5673817775769656,0,0
1,0.7427467055499924,85.63229368655189,0.9161680581003309,0,0
1,0.7291491474787815,85.14094709346226,1.076606884617672,0,0
1,0.7616479912680348,447.04430809299885,0.648952999698305,0,0
1,0.7910691647714699,116.33651610389467,2.03537710914797,0,0
1,0.6460037807430478,73.47482301981925,1.9483860701487128,0,0
1,0.6965853634061817,178.74526181840372,1.413851634448974,0,0
1,0.740168775329858,45.81212580007091,1.331128469137234,0,1
1,0.6893052023853731,227.36504575176696,1.2342748645613435,0,0
1,0.7527691877837158,98.9084042600283,0.8418614710547903,0,0
1,0.6902092302604885,124.83463187951368,1.4604544967294628,0,0
1,0.7282689715021293,220.7295721017646,1.2152951979840112,0,0
1,0.7250161675996606,78.16087147140003,1.179918153183302,0,0
1,0.6844016487112918,487.8422937411636,1.7856708955009748,0,0
1,0.7540318202245068,234.91452912964868,1.9034481936780534,0,0
1,0.7594579597833965,177.34247618333967,1.1787517387929818,0,0
1,0.7948234616905442,260.1455523701016,0.949729085001515,0,0
1,0.7298509681302171,82.84522074125636,0.8799845742409413,0,0
1,0.8018719067342069,145.7727985825044,1.017079337965284,0,0
1,0.7429011367404198,147.13709519107724,1.539372352882114,0,0
1,0.7096649852617352,54.57277291430608,1.284513476911789,0,1
1,0.7154048776246897,257.41017504969915,0.4493789175832503,0,0
1,0.7082318805587186,198.2453578850958,0.7241333363638554,0,0
1,0.7307737321172075,113.25929870074151,0.9581021341847149,0,0
1,0.7848533098443566,55.59707369028036,1.7099500165114887,0,1
1,0.6831157164787591,201.1035983990416,1.1194033864209927,0,0
1,0.7699397194780955,149.56045647787062,1.4673361954872324,0,0
1,0.744099777820678,107.79778216405244,1.3829121618460964,0,0
1,0.7752253269912361,288.80604523746956,1.5156226749502075,0,0
1,0.8105229572601752,155.7663731443172,1.363905118383799,0,0
1,0.8101684985062595,101.81380811127444,1.479161309015611,0,0
1,0.7160253516300378,122.8870308035662,1.3186302180563048,0,0
1,0.7498646132815603,184.76198921156018,1.324523469377154,0,0
1,0.7935771576117443,322.3429731363819,1.2762542365060097,0,0
1,0.688373804823623,229.11522786257774,1.3591708199787236,0,0
1,0.7290977052303813,338.6012466520279,0.860946428552366,0,0
1,0.6855183481328806,111.85409448884045,0.8860952367489185,0,0
1,0.6697216490410679,126.96438952903858,1.2062473335798412,0,0
1,0.6946121909926539,225.12594976028248,1.8077135694567075,0,0
1,0.7915290292812028,188.76290071145652,0.9368661784591451,0,0
